Series Description,Domestic financial sectors; federal funds and security repurchase agreements; asset,Domestic financial sectors; federal funds and security repurchase agreements; liability,Domestic financial sectors; checkable deposits and currency; asset,Domestic financial sectors; total time and savings deposits; asset,Domestic financial sectors; open market paper; asset,Domestic financial sectors; mutual fund and money market fund shares; asset,Domestic financial sectors; checkable deposits and currency; liability,Domestic financial sectors; commercial paper; liability,Domestic financial sectors; open market paper; liability,Domestic financial sectors; taxes payable (net); liability,Domestic financial sectors; mutual fund and money market fund shares; liability ,Domestic financial sectors; net interbank transactions; asset,Domestic financial sectors; net interbank transactions; liability,ST deposits - liab,RPs,CHECKABLE,ST DEP,MM FUND,PAPER,INTERBANK,TAX,TOTAL SHORT TERM DEBT OF FINANCIAL SECTOR
Unit:,Currency,Currency,Currency,Currency,Currency,Currency,Currency,Currency,Currency,Currency,Currency,Currency,Currency,,,,,,,,,
Multiplier:,1000000,1000000,1000000,1000000,1000000,1000000,1000000,1000000,1000000,1000000,1000000,1000000,1000000,,,,,,,,,
Currency:,USD,USD,USD,USD,USD,USD,USD,USD,USD,USD,USD,USD,USD,,,,,,,,,
Unique Identifier: ,Z1/Z1/FL792050005.Q,Z1/Z1/FL792150005.Q,Z1/Z1/FL793020005.Q,Z1/Z1/FL793030005.Q,Z1/Z1/FL793069175.Q,Z1/Z1/FL793081205.Q,Z1/Z1/FL793120005.Q,Z1/Z1/FL793169100.Q,Z1/Z1/FL793169175.Q,Z1/Z1/FL793178005.Q,Z1/Z1/FL793181205.Q,Z1/Z1/FL794010005.Q,Z1/Z1/FL794110005.Q,,,,,,,,,
Time Period,FL792050005.Q,FL792150005.Q,FL793020005.Q,FL793030005.Q,FL793069175.Q,FL793081205.Q,FL793120005.Q,FL793169100.Q,FL793169175.Q,FL793178005.Q,FL793181205.Q,FL794010005.Q,FL794110005.Q,FL763130005,,,,,,,,
1980Q1,112893,152080,16368,55696,136827,16149,425256,81893,119384,5031,115064,53787,28616,1274402,39187,408888,1218706,98915,-17443,-25171,5031,1728113
1980Q2,130839,172214,17451,59302,145645,17467,447411,81382,122437,5180,137261,54042,26,1291143,41375,429960,1231841,119794,-23208,-54016,5180,1750926
1980Q3,132043,175436,16250,63617,143409,20050,462161,81764,123806,5297,145992,49647,-13472,1319252,43393,445911,1255635,125942,-19603,-63119,5297,1793456
1980Q4,149351,179104,17597,67263,145354,21884,477520,86616,128839,5221,146810,53560,-17998,1376829,29753,459923,1309566,124926,-16515,-71558,5221,1841316
1981Q1,145399,202595,14352,76738,158805,23591,462785,89798,136284,5043,185450,47390,-27065,1393623,57196,448433,1316885,161859,-22521,-74455,5043,1892440
1981Q2,150535,203666,15528,81085,177700,25270,477238,98611,147180,4812,201406,45714,-26264,1412124,53131,461710,1331039,176136,-30520,-71978,4812,1924330
1981Q3,161380,207484,16273,93099,196149,25701,479367,107548,158401,4590,229627,51747,-17959,1441107,46104,463094,1348008,203926,-37748,-69706,4590,1958268
1981Q4,206699,250633,16833,99865,198830,27849,505546,107563,161519,4464,255139,47236,-49281,1491882,43934,488713,1392017,227290,-37311,-96517,4464,2022590
1982Q1,189868,248300,13308,102740,206952,28526,482718,105310,161243,4373,264821,47521,-66016,1536435,58432,469410,1433695,236295,-45709,-113537,4373,2042959
1982Q2,194104,244735,15395,112816,223783,29598,488607,115174,174378,4410,277205,44504,-88966,1569627,50631,473212,1456811,247607,-49405,-133470,4410,2049796
1982Q3,214826,265321,17439,120520,215957,31757,513263,108965,167826,4606,311187,41215,-109366,1605095,50495,495824,1484575,279430,-48131,-150581,4606,2116218
1982Q4,227107,285813,18506,113469,212566,34358,543309,109160,174175,4856,308281,49497,-116301,1661389,58706,524803,1547920,273923,-38391,-165798,4856,2206019
1983Q1,223863,274156,14684,110885,210795,37622,532288,109021,168337,4857,299046,45023,-134379,1718629,50293,517604,1607744,261424,-42458,-179402,4857,2220062
1983Q2,229466,277884,14918,113924,217183,39502,564958,114774,176252,4706,300745,43110,-137606,1755023,48418,550040,1641099,261243,-40931,-180716,4706,2283859
1983Q3,242660,300605,13714,113609,225481,40593,574391,117058,182450,4648,302826,39696,-131091,1800940,57945,560677,1687331,262233,-43031,-170787,4648,2359016
1983Q4,250145,315712,15771,117613,234474,42802,582771,125183,195463,4626,306440,44950,-106520,1836906,65567,567000,1719293,263638,-39011,-151470,4626,2429643
1984Q1,262976,333625,14483,115347,247729,44052,578279,133689,201969,7600,324539,41208,-116255,1891113,70649,563796,1775766,280487,-45760,-157463,7600,2495075
1984Q2,275080,342075,16438,120286,276759,43627,590311,136615,212570,7668,329508,42455,-107476,1949614,66995,573873,1829328,285881,-64189,-149931,7668,2549625
1984Q3,279289,362405,15759,120587,279713,48111,597123,139644,213566,7903,350666,48908,-99791,2003947,83116,581364,1883360,302555,-66147,-148699,7903,2643452
1984Q4,325302,399322,17559,125222,287632,50300,629686,149513,223490,7779,386891,50524,-104529,2071964,74020,612127,1946742,336591,-64142,-155053,7779,2758064
1985Q1,307700,373377,15768,130362,298888,53357,602283,159993,230243,7938,415257,47960,-104669,2118298,65677,586515,1987936,361900,-68645,-152629,7938,2788692
1985Q2,323934,382373,18999,135929,309467,57433,640411,164938,232196,7733,452110,47718,-101337,2143028,58439,621412,2007099,394677,-77271,-149055,7733,2863034
1985Q3,344359,407262,20773,133798,326101,57348,660608,181247,247014,8224,464857,50855,-99210,2168628,62903,639835,2034830,407509,-79087,-150065,8224,2924149
1985Q4,404957,470775,32698,129063,339882,65948,713479,202454,267071,8831,516768,58216,-67164,2201750,65818,680781,2072687,450820,-72811,-125380,8831,3080746
1986Q1,407109,490342,30915,130476,339133,76932,685385,204476,265389,9048,607222,53411,-70706,2229759,83233,654470,2099283,530290,-73744,-124117,9048,3178463
1986Q2,438937,520571,31611,132059,354556,79768,738507,216713,276457,9562,660589,55396,-76516,2241206,81634,706896,2109147,580821,-78099,-131912,9562,3278049
1986Q3,468483,549607,33856,135347,371435,78661,747563,221280,283177,10107,703187,61131,-73221,2269897,81124,713707,2134550,624526,-88258,-134352,10107,3341404
1986Q4,493246,574529,40708,139758,366693,83104,838882,239872,298632,10284,742519,76585,-64758,2293234,81283,798174,2153476,659415,-68061,-141343,10284,3493228
1987Q1,495430,579246,38366,136176,376613,93951,763926,250262,309351,10443,843909,71294,-49026,2290843,83816,725560,2154667,749958,-67262,-120320,10443,3536862
1987Q2,514851,586548,37644,138454,391177,99878,821170,261750,325098,8520,851889,62603,-70876,2310284,71697,783526,2171830,752011,-66079,-133479,8520,3588026
1987Q3,534974,617103,38998,140764,393599,104951,815533,265455,326477,8471,862406,65638,-39113,2336261,82129,776535,2195497,757455,-67122,-104751,8471,3648214
1987Q4,557008,634977,42803,137555,413716,86433,842856,273573,337909,8302,797562,71268,-35547,2398101,77969,800053,2260546,711129,-75807,-106815,8302,3675377
1988Q1,601575,683233,42157,141843,424478,93463,820392,287441,346452,8097,847256,64496,-52127,2472394,81658,778235,2330551,753793,-78026,-116623,8097,3757685
1988Q2,606676,689958,44426,147540,450787,98871,861244,308241,367867,7701,839359,63969,-40777,2497618,83282,816818,2350078,740488,-82920,-104746,7701,3810701
1988Q3,648084,729151,44891,152427,459298,99738,856140,313501,372934,8324,832051,64484,-49882,2542562,81067,811249,2390135,732313,-86364,-114366,8324,3822358
1988Q4,620739,692755,42378,150601,487186,104826,885122,316143,377740,9660,841959,70364,-39891,2569973,72016,842744,2419372,737133,-109446,-110255,9660,3861224
1989Q1,672709,761480,39267,168117,513829,109369,827511,336241,392484,30234,880362,62608,-61607,2595087,88771,788244,2426970,770993,-121345,-124215,30234,3859652
1989Q2,744581,840561,43817,179831,529268,113053,864682,341579,399406,31288,935737,60794,-67192,2620091,95980,820865,2440260,822684,-129862,-127986,31288,3953229
1989Q3,705054,800651,46112,187976,539530,117562,852261,341110,398820,32089,993677,56474,-74936,2645935,95597,806149,2457959,876115,-140710,-131410,32089,3995789
1989Q4,691992,788857,52909,190727,550685,138402,892152,351722,409088,31778,1021352,68610,-78047,2667961,96865,839243,2477234,882950,-141597,-146657,31778,4039816
1990Q1,703114,785491,51557,184277,569487,144143,853528,355406,409060,32539,1051332,61919,-74098,2679169,82377,801971,2494892,907189,-160427,-136017,32539,4022524
1990Q2,697186,783055,49537,175399,567028,157832,886964,348822,400256,33073,1075531,61872,-73070,2661633,85869,837427,2486234,917699,-166772,-134942,33073,4058588
1990Q3,709448,773543,48917,156090,586494,151262,889638,358509,409590,35931,1054939,60968,-57898,2656479,64095,840721,2500389,903677,-176904,-118866,35931,4049043
1990Q4,699200,759824,55060,150507,581366,163853,934740,365613,417681,35265,1104321,73660,-61459,2652892,60624,879680,2502385,940468,-163685,-135119,35265,4119618
1991Q1,729277,760096,39249,160941,578708,184706,906410,356811,400578,35140,1224549,51600,-75350,2653445,30819,867161,2492504,1039843,-178130,-126950,35140,4160387
1991Q2,759116,801306,43276,165253,551763,193770,934262,348541,389898,34210,1236071,49749,-79985,2609785,42190,890986,2444532,1042301,-161865,-129734,34210,4162620
1991Q3,797312,841852,41944,170028,540692,213156,948302,346756,386663,36722,1305574,56708,-57816,2572668,44540,906358,2402640,1092418,-154029,-114524,36722,4214125
1991Q4,736582,781017,40884,171035,530940,229197,1022519,360047,397840,35629,1393185,63965,-58037,2527975,44435,981635,2356940,1163988,-133100,-122002,35629,4327525
1992Q1,760881,815558,40167,167220,539240,243041,993288,360721,396338,36521,1464816,59382,-41475,2494624,54677,953121,2327404,1221775,-142902,-100857,36521,4349739
1992Q2,792226,861579,38270,159430,542901,256124,1034709,359667,393647,37121,1511981,53626,-59776,2445645,69353,996439,2286215,1255857,-149254,-113402,37121,4382329
1992Q3,847380,935519,39706,159139,543523,267117,1073175,364922,397840,38746,1576792,58241,-28892,2407214,88139,1033469,2248075,1309675,-145683,-87133,38746,4485288
1992Q4,838792,922293,41236,150615,534977,289308,1134667,367624,401535,37657,1642536,67877,-46030,2366882,83501,1093431,2216267,1353228,-133442,-113907,37657,4536735
1993Q1,856084,996263,43610,154751,521710,315581,1089339,356372,387031,38976,1760704,66184,-7823,2333783,140179,1045729,2179032,1445123,-134679,-74007,38976,4640353
1993Q2,862158,990737,42777,152341,518130,339978,1168153,354670,383566,37887,1854638,61689,-20106,2301725,128579,1125376,2149384,1514660,-134564,-81795,37887,4739527
1993Q3,910458,1071811,41482,143040,514425,367898,1182084,353827,380939,42601,1969840,65534,-9119,2281417,161353,1140602,2138377,1601942,-133486,-74653,42601,4876736
1993Q4,904151,1047464,47311,146678,523883,400208,1251981,373628,399881,44339,2069963,68625,-5009,2264987,143313,1204670,2118309,1669755,-124002,-73634,44339,4982750
1994Q1,963198,1109336,50517,144333,523834,413462,1220704,389418,414447,46450,2077474,68079,23705,2267205,146138,1170187,2122872,1664012,-109387,-44374,46450,4995898
1994Q2,983477,1145364,48186,146046,527026,427532,1229478,391127,415693,43283,2080896,69351,41153,2246869,161887,1181292,2100823,1653364,-111333,-28198,43283,5001118
1994Q3,1008296,1190321,48791,147782,539796,455659,1205718,400244,425696,46118,2166969,61901,37310,2242325,182025,1156927,2094543,1711310,-114100,-24591,46118,5052232
1994Q4,944704,1090628,47625,149971,557347,494836,1240202,418159,441556,44876,2155325,68425,79141,2243186,145924,1192577,2093215,1660489,-115791,10716,44876,5032006
1995Q1,994190,1171926,44753,163815,583475,555363,1191644,428557,453054,49907,2291271,61441,64667,2283999,177736,1146891,2120184,1735908,-130421,3226,49907,5103431
1995Q2,1073663,1230786,48964,166394,596888,634546,1239798,437290,461821,49624,2487223,59051,53538,2319636,157123,1190834,2153242,1852677,-135067,-5513,49624,5262920
1995Q3,1079581,1259554,50085,185201,601817,708887,1188685,448486,472623,55646,2664915,56998,60643,2361265,179973,1138600,2176064,1956028,-129194,3645,55646,5380762
1995Q4,1129516,1292818,47066,184823,596946,772968,1211356,464229,486868,58396,2811293,70415,81405,2398728,163302,1164290,2213905,2038325,-110078,10990,58396,5539130
1996Q1,1161682,1334794,47163,191986,626851,838437,1158169,468045,490922,59080,3025828,59197,61732,2468932,173112,1111006,2276946,2187391,-135929,2535,59080,5674141
1996Q2,1180425,1370608,49810,192312,639259,888394,1181293,495121,517349,61160,3169399,60717,45802,2485865,190183,1131483,2293553,2281005,-121910,-14915,61160,5820559
1996Q3,1176760,1369212,53059,207523,651549,946303,1183701,515220,538567,62309,3313843,61518,27815,2533115,192452,1130642,2325592,2367540,-112982,-33703,62309,5931850
1996Q4,1202363,1374193,57660,224748,653100,1077861,1200366,555484,579096,65027,3525801,74091,51619,2563890,171830,1142706,2339142,2447940,-74004,-22472,65027,6070169
1997Q1,1288223,1470476,56482,247944,715989,1129743,1167428,598774,623019,68408,3651820,62475,30089,2613247,182253,1110946,2365303,2522077,-92970,-32386,68408,6123631
1997Q2,1302307,1509591,67064,256044,732914,1298787,1204302,617044,642458,67685,4015101,63981,26143,2642154,207284,1137238,2386110,2716314,-90456,-37838,67685,6386337
1997Q3,1398334,1621466,63238,263777,749725,1446036,1163917,660697,684716,74226,4383489,60372,12758,2697625,223132,1100679,2433848,2937453,-65009,-47614,74226,6656715
1997Q4,1367167,1620751,71620,274780,790342,1472093,1209189,724842,745741,75682,4468200,78596,41563,2752527,253584,1137569,2477747,2996107,-44601,-37033,75682,6859055
1998Q1,1447929,1737923,74845,279017,882328,1650091,1172525,787863,804942,81861,4983002,63760,12921,2827705,289994,1097680,2548688,3332911,-77386,-50839,81861,7222909
1998Q2,1477680,1730511,71405,287094,913578,1683969,1224691,824516,838860,81468,5145834,64443,35203,2832603,252831,1153286,2545509,3461865,-74718,-29240,81468,7391001
1998Q3,1482246,1771755,70622,302806,939702,1554801,1176771,859949,874206,87190,4889880,64729,60043,2871758,289509,1106149,2568952,3335079,-65496,-4686,87190,7316697
1998Q4,1364846,1606439,78212,317412,931204,1816171,1220288,895187,906724,88875,5525209,70016,70493,2971401,241593,1142076,2653989,3709038,-24480,477,88875,7811568
1999Q1,1344540,1646206,65568,329709,986718,1935559,1185829,916049,926443,90120,5766288,60460,63164,2984412,301666,1120261,2654703,3830729,-60275,2704,90120,7939908
1999Q2,1337650,1631554,77116,324737,997532,2089071,1218494,931377,940869,86561,6071897,63199,80176,3004465,293904,1141378,2679728,3982826,-56663,16977,86561,8144711
1999Q3,1334717,1629345,70968,304487,1029605,2069784,1209667,955137,963430,92339,5975121,63249,84884,3055938,294628,1138699,2751451,3905337,-66175,21635,92339,8137914
1999Q4,1483736,1667894,89349,323291,1140949,2400659,1332283,1074348,1082947,99698,6846340,90578,96318,3118608,184158,1242934,2795317,4445681,-58002,5740,99698,8715526
2000Q1,1431153,1754719,76906,332082,1217259,2553940,1228081,1106728,1115708,100174,7296928,53406,-12774,3196339,323566,1151175,2864257,4742988,-101551,-66180,100174,9014429
2000Q2,1448700,1797798,79678,308846,1268179,2539770,1234690,1129897,1139171,98839,7121881,56005,50793,3257131,349098,1155012,2948285,4582111,-129008,-5212,98839,8999125
2000Q3,1437111,1831554,76989,318217,1294065,2621324,1199808,1145326,1154050,108790,7268517,52862,31342,3346707,394443,1122819,3028490,4647193,-140015,-21520,108790,9140200
2000Q4,1576008,1909615,93637,317786,1317220,2531747,1218787,1206743,1214673,116568,6964634,64447,43734,3452287,333607,1125150,3134501,4432887,-102547,-20713,116568,9019453
2001Q1,1702961,2017814,106381,339928,1250271,2299532,1200749,1174715,1182516,121214,6624182,54030,-41374,3548287,314853,1094368,3208359,4324650,-67755,-95404,121214,8900285
2001Q2,1695557,2039838,127622,327056,1175287,2393490,1231239,1131509,1138284,115295,6940367,55594,-32168,3582480,344281,1103617,3255424,4546877,-37003,-87762,115295,9240729
2001Q3,1747559,2104524,148283,321064,1135587,2149689,1256533,1111378,1116494,137641,6414264,61133,425,3656322,356965,1108250,3335258,4264575,-19093,-60708,137641,9122888
2001Q4,1778223,2099979,159267,383869,1162431,2342056,1360842,1145027,1149792,123135,6974913,64819,24150,3704570,321756,1201575,3320701,4632857,-12639,-40669,123135,9546716
2002Q1,1793549,2140514,154082,384022,1094334,2449204,1263853,1091799,1096276,131157,7060104,56877,-12415,3810356,346965,1109771,3426334,4610900,1942,-69292,131157,9557777
2002Q2,1813611,2281866,153480,385403,1017832,2246276,1302036,1028652,1033583,145175,6624029,58819,-46583,3844177,468255,1148556,3458774,4377753,15751,-105402,145175,9508862
2002Q3,1895441,2343077,171336,362630,1002640,2045167,1327591,1030951,1035827,140852,6056620,61591,-7687,3977174,447636,1156255,3614544,4011453,33187,-69278,140852,9334649
2002Q4,1909681,2363757,173014,357648,1023593,2181314,1352951,1064252,1068856,131403,6383157,70817,45730,4059101,454076,1179937,3701453,4201843,45263,-25087,131403,9688888
2003Q1,1911835,2422376,196202,338151,1016708,2123402,1336025,1139855,1144675,134524,6256416,64152,-12519,4182697,510541,1139823,3844546,4133014,127967,-76671,134524,9813744
2003Q2,2023919,2588457,193889,326870,972378,2363623,1393787,1125592,1130168,137138,6806667,67503,-54811,4283569,564538,1199898,3956699,4443044,157790,-122314,137138,10336793
2003Q3,1921363,2509330,202491,315654,934529,2430251,1376408,1102825,1107093,131524,6936007,69180,2276,4314932,587967,1173917,3999278,4505756,172564,-66904,131524,10504102
2003Q4,1920975,2538332,220674,307197,917743,2650771,1437425,1111666,1116033,132815,7402118,70752,16463,4375320,617357,1216751,4068123,4751347,198290,-54289,132815,10930394
2004Q1,2093899,2715175,218875,311191,936516,2712271,1434584,1132700,1136597,144058,7613443,65387,-111190,4513932,621276,1215709,4202741,4901172,200081,-176577,144058,11108460
2004Q2,2199430,2791887,232322,319792,914553,2762015,1473961,1109800,1114243,125282,7581948,73461,-33904,4612548,592457,1241639,4292756,4819933,199690,-107365,125282,11164392
2004Q3,2332057,3039593,226889,310320,913742,2713252,1463134,1109372,1113397,141904,7555322,68758,-85144,4721532,707536,1236245,4411212,4842070,199655,-153902,141904,11384720
2004Q4,2215062,2900213,247249,323977,1011026,2960988,1522783,1209300,1213393,150557,8095801,66539,-24535,4828559,685151,1275534,4504582,5134813,202367,-91074,150557,11861930
2005Q1,2341940,3094593,225041,335639,1058099,2970333,1499555,1236403,1240490,145678,8035995,65751,-8626,4956212,752653,1274514,4620573,5065662,182391,-74377,145678,11967094
2005Q2,2391574,3245189,218307,326060,1104844,3104770,1514557,1293735,1297880,144680,8206569,67680,-15437,5038701,853615,1296250,4712641,5101799,193036,-83117,144680,12218904
2005Q3,2532398,3421325,214991,335813,1140948,3273211,1481772,1351013,1355402,145211,8578676,63687,-22028,5223501,888927,1266781,4887688,5305465,214454,-85715,145211,12622811
2005Q4,2511524,3379542,199493,346857,1209161,3427440,1527205,1462997,1467099,139197,8891374,70081,-33073,5336680,868018,1327712,4989823,5463934,257938,-103154,139197,12943468
2006Q1,2561205,3532280,219407,313976,1278967,3626853,1507823,1498559,1500036,144317,9347513,60750,-42709,5462973,971075,1288416,5148997,5720660,221069,-103459,144317,13391075
2006Q2,2548623,3618217,267209,345260,1292863,3596038,1536882,1552342,1552849,141852,9322296,62839,-39817,5574460,1069594,1269673,5229200,5726258,259986,-102656,141852,13593907
2006Q3,2745114,3954526,245972,338912,1367477,3725040,1491113,1636676,1637732,158530,9713068,56627,-20462,5662681,1209412,1245141,5323769,5988028,270255,-77089,158530,14118046
2006Q4,2668932,3865833,258973,338472,1456181,3962789,1507259,1739108,1739988,161685,10398155,70145,-14141,5782705,1196901,1248286,5444233,6435366,283807,-84286,161685,14685992
2007Q1,2898157,4229278,258244,342702,1496766,4040431,1486494,1777383,1779512,153098,10753177,58476,-155043,5879353,1331121,1228250,5536651,6712746,282746,-213519,153098,15031093
2007Q2,2950713,4258678,266072,350443,1592413,4266597,1483009,1848765,1851039,142273,11360309,59349,-142699,5904669,1307965,1216937,5554226,7093712,258626,-202048,142273,15371691
2007Q3,3130080,4303743,286393,422730,1388511,4407120,1483044,1625670,1626102,150182,11909303,63695,-59256,5997426,1173663,1196651,5574696,7502183,237591,-122951,150182,15712015
2007Q4,3239470,4167194,289091,430825,1331453,4338973,1533188,1560117,1560918,143994,12000168,124126,-80287,6093593,927724,1244097,5662768,7661195,229465,-204413,143994,15664830
2008Q1,3312083,4310014,300596,514632,1339189,4074655,1521912,1522102,1522540,127414,11708658,180142,-224807,6246409,997931,1221316,5731777,7634003,183351,-404949,127414,15490843
2008Q2,3270701,4058226,356555,541935,1314347,4038918,1534175,1488853,1489219,103582,11657316,252567,-165669,6198709,787525,1177620,5656774,7618398,174872,-418236,103582,15100535
2008Q3,3416115,4133445,454563,493666,1165534,3643262,1947873,1312931,1313820,87555,10697135,563181,311002,6344010,717330,1493310,5850344,7053873,148286,-252179,87555,15098519
2008Q4,2737357,3151738,445350,506716,1246364,3106857,2169532,1376545,1377044,41882,9620638,1407708,1421155,6510280,414381,1724182,6003564,6513781,130680,13447,41882,14841917
2009Q1,2752280,3000837,413050,594062,1100814,2962819,2012224,1221644,1222291,43114,9254214,1347726,1319153,6613414,248557,1599174,6019352,6291395,121477,-28573,43114,14294496
2009Q2,2488605,3003971,389242,679362,959071,3306871,2127392,1088140,1089064,39762,10025420,992265,908437,6549283,515366,1738150,5869921,6718549,129993,-83828,39762,14927913
2009Q3,2481820,2998079,358532,695493,866915,3710677,2072772,963898,964625,57280,10828295,1090761,1077328,6547433,516259,1714240,5851940,7117618,97710,-13433,57280,15341614
2009Q4,2246833,2720772,371707,698269,864890,3849220,2117701,922876,923502,51227,11112622,1102140,1057442,6646923,473939,1745994,5948654,7263402,58612,-44698,51227,15497130
2010Q1,2487074,2967612,352351,628222,787213,3949570,2076837,843107,843432,39111,11199083,1105809,1058219,6704024,480538,1724486,6075802,7249513,56219,-47590,39111,15578079
2010Q2,2584810,2970778,369960,550257,744222,3686659,2190193,808567,808776,55617,10503305,1008861,947231,6673740,385968,1820233,6123483,6816646,64554,-61630,55617,15204871
2010Q3,2584455,2944174,329423,585487,754991,4004743,2186044,801723,801906,72128,11275063,978975,871591,6736860,359719,1856621,6151373,7270320,46915,-107384,72128,15649692
2010Q4,2537421,2934166,349883,615144,716395,4257500,2363422,801345,801478,63018,11833363,1015905,968819,6784758,396745,2013539,6169614,7575863,85083,-47086,63018,16256776
2011Q1,2547978,3025215,356578,620970,773473,4418333,2205569,830128,830240,65030,12204304,1446680,1665937,6859165,477237,1848991,6238195,7785971,56767,219257,65030,16691448
2011Q2,2571959,3024104,372755,624809,734843,4430752,2337858,783684,783731,77078,12253806,1627280,1799170,7020350,452145,1965103,6395541,7823054,48888,171890,77078,16933699
2011Q3,2804097,3137815,385058,585986,684008,3892066,2417168,710606,710654,90027,11066435,1633925,1893129,7149882,333718,2032110,6563896,7174369,26646,259204,90027,16479970
2011Q4,2696294,3118484,394290,565426,639816,4091214,2613810,701730,701800,87784,11632347,1603103,1771468,7308652,422190,2219520,6743226,7541133,61984,168365,87784,17244202
2012Q1,2647027,3191241,363926,538610,671812,4373049,2523003,688132,688166,92256,12470251,1598222,1777965,7403183,544214,2159077,6864573,8097202,16354,179743,92256,17953419
2012Q2,2753170,3257726,363828,526251,660689,4224480,2598617,649262,649285,92066,12194309,1558943,1727143,7476408,504556,2234789,6950157,7969829,-11404,168200,92066,17908193
2012Q3,2870268,3295528,370732,567581,648493,4424515,2641623,639683,639687,106515,12764743,1492873,1652039,7594657,425260,2270891,7027076,8340228,-8806,159166,106515,18320330
2012Q4,2923706,3326893,408634,597146,644965,4487744,2872662,622582,622584,104722,13056676,1543670,1565972,7781362,403187,2464028,7184216,8568932,-22381,22302,104722,18725006
2013Q1,2724123,3188065,402782,591959,685180,4741674,2892029,636189,636197,98059,13707008,1839797,1988423,7795260,463942,2489247,7203301,8965334,-48983,148626,98059,19319526
2013Q2,2602439,3070069,401744,613179,686192,4753814,2897837,575740,575746,79916,13695923,2062641,2474495,7834751,467630,2496093,7221572,8942109,-110446,411854,79916,19508728
2013Q3,2566955,3016159,420487,689320,685256,5021273,2960279,526814,526814,93372,14360525,2260725,2611542,7980957,449204,2539792,7291637,9339252,-158442,350817,93372,19905632
2013Q4,2484818,2944384,409625,668115,656840,5306843,3228039,541406,541406,84057,15066428,2276620,2604868,8062714,459566,2818414,7394599,9759585,-115434,328248,84057,20729035
2014Q1,2437745,2958764,385116,687023,683765,5381489,3218795,541674,541674,88560,15278015,2492260,2867575,8190773,521019,2833679,7503750,9896526,-142091,375315,88560,21076758
2014Q2,2493163,3049388,397134,684164,700545,5549716,3333437,525129,525129,95973,15712982,2500808,2887905,8240549,556225,2936303,7556385,10163266,-175416,387097,95973,21519833
2014Q3,2445676,2920556,424067,719304,694965,5475891,3419342,508952,508952,102688,15581446,2549518,2889644,8281195,474880,2995275,7561891,10105555,-186013,340126,102688,21394402
2014Q4,2488903,2953412,396684,694551,612932,5574630,3571841,473731,473731,104948,15899718,2428066,2627831,8511608,464509,3175157,7817057,10325088,-139201,199765,104948,21947323
2015Q1,2451020,2956068,386215,694123,628195,5670391,3496337,461700,461700,108890,16172657,2490559,2703226,8693176,505048,3110122,7999053,10502266,-166495,212667,108890,22271551
2015Q2,2491100,2912202,371993,672936,663367,5637681,3682494,471316,471316,95895,16148461,2299743,2486729,8667456,421102,3310501,7994520,10510780,-192051,186986,95895,22327733
2015Q3,2595904,2969098,396291,624442,680947,5285072,3585432,440951,440951,101321,15246941,2249781,2435665,8831019,373194,3189141,8206577,9961869,-239996,185884,101321,21777990
2015Q4,2560105,2927001,385245,546639,624737,5428163,3841958,433193,433193,96322,15639571,2039481,2179429,8975384,366896,3456713,8428745,10211408,-191544,139948,96322,22508488
2016Q1,2388425,2760044,384741,629434,710072,5492627,3861987,489214,489214,102590,15720303,2191168,2301479,9165846,371619,3477246,8536412,10227676,-220858,110311,102590,22604996
2016Q2,2525139,2807248,423699,534532,687925,5596513,3993352,494169,494169,103918,15909459,2106250,2256851,9211184,282109,3569653,8676652,10312946,-193756,150601,103918,22902123
2016Q3,2774060,2951694,447161,308723,549120,5786443,4013289,455830,455830,108357,16372208,1984050,2082303,9423031,177634,3566128,9114308,10585765,-93290,98253,108357,23557155
2016Q4,2608575,2905769,415635,261691,540984,5792667,4107666,433992,433992,99617,16346875,1829431,1827995,9575624,297194,3692031,9313933,10554208,-106992,-1436,99617,23848555
2017Q1,2609986,2831068,401951,288929,596313,6022149,3947611,437644,437644,91990,16992333,2218953,2315473,9630256,221082,3545660,9341327,10970184,-158669,96520,91990,24108094
2017Q2,2807460,3004790,388699,286260,571898,6166938,4084879,418373,418373,94427,17430555,2049678,2120104,9569771,197330,3696180,9283511,11263617,-153525,70426,94427,24451966
2017Q3,2763733,2879589,432630,305793,662067,6367407,4032126,407415,407415,106263,18097873,2138377,2241501,9741630,115856,3599496,9435837,11730466,-254652,103124,106263,24836390
2017Q4,2866527,2965524,425806,293183,638589,6568437,4229847,397226,397226,160410,18747431,2025393,2164961,9802034,98997,3804041,9508851,12178994,-241363,139568,160410,25649498
2018Q1,2730118,2633284,384705,280283,707022,6508273,4359978,415038,415038,146786,18667632,2174596,2293962,9951228,-96834,3975273,9670945,12159359,-291984,119366,146786,25682911
2018Q2,2862143,2740893,397331,283245,712459,6590556,4350740,434722,434722,144272,18898068,1956965,2115235,10002045,-121250,3953409,9718800,12307512,-277737,158270,144272,25883276
2018Q3,2925981,2722480,392118,310362,705058,6747160,4382394,429358,429358,149257,19426804,1836837,1961436,10139461,-203501,3990276,9829099,12679644,-275700,124599,149257,26293674
2018Q4,3301797,2981345,344217,302934,653229,6090234,4544294,431158,431158,159732,17708173,1637288,1797507,10294010,-320452,4200077,9991076,11617939,-222071,160219,159732,25586520
2019Q1,3343327,2949225,339227,334687,732689,6602220,4443708,442451,442451,158085,19258986,1649880,1732528,10421115,-394102,4104481,10086428,12656766,-290238,82648,158085,26404068
2019Q2,3585601,3178542,405624,368731,725908,6757229,4418108,439956,439956,159254,19875479,1492261,1543396,10495301,-407059,4012484,10126570,13118250,-285952,51135,159254,26774682